experiment,training_corpus,test_corpus,comparison,n_train_participants,n_test_participants,n_ASD,n_control,model,feature_family,imbalance_strategy,AUROC,AUROC_95CI,AUPRC,sensitivity,sens_95CI,specificity,spec_95CI,balanced_accuracy,bacc_95CI,precision,F1,MCC,Brier
Eigsti Within-Corpus,Eigsti,Eigsti,ASD vs TD,32,32,16,16,Dummy,all_canonical,class_weight,0.375,"(0.308, 0.456)",0.4531,0.375,"(0.273, 0.494)",0.375,"(0.274, 0.483)",0.375,"(0.308, 0.456)",0.375,0.375,-0.25,0.625
Eigsti Within-Corpus,Eigsti,Eigsti,ASD vs TD,32,32,16,16,Elastic-Net,all_canonical,class_weight,0.6234,"(0.535, 0.712)",0.6525,0.5875,"(0.493, 0.695)",0.55,"(0.44, 0.654)",0.5688,"(0.497, 0.648)",0.5663,0.5767,0.1376,0.2581
Eigsti Within-Corpus,Eigsti,Eigsti,ASD vs TD,32,32,16,16,Random Forest,all_canonical,class_weight,0.5406,"(0.455, 0.63)",0.5295,0.5625,"(0.456, 0.673)",0.5625,"(0.439, 0.674)",0.5625,"(0.491, 0.64)",0.5625,0.5625,0.125,0.2649
Eigsti Within-Corpus,Eigsti,Eigsti,ASD vs TD,32,32,16,16,HistGradientBoosting,all_canonical,class_weight,0.5454,"(0.457, 0.636)",0.5176,0.625,"(0.527, 0.731)",0.5,"(0.388, 0.609)",0.5625,"(0.494, 0.637)",0.5556,0.5882,0.126,0.3987
Nadig Within-Corpus,Nadig,Nadig,ASD vs TD,32,32,9,23,Dummy,all_canonical,class_weight,0.4773,"(0.396, 0.567)",0.2729,0.3111,"(0.17, 0.456)",0.6435,"(0.555, 0.729)",0.4773,"(0.396, 0.567)",0.2545,0.28,-0.043,0.45
Nadig Within-Corpus,Nadig,Nadig,ASD vs TD,32,32,9,23,Elastic-Net,all_canonical,class_weight,0.3946,"(0.292, 0.505)",0.2436,0.3556,"(0.213, 0.49)",0.5478,"(0.458, 0.643)",0.4517,"(0.368, 0.535)",0.2353,0.2832,-0.0879,0.3168
Nadig Within-Corpus,Nadig,Nadig,ASD vs TD,32,32,9,23,Random Forest,all_canonical,class_weight,0.3241,"(0.223, 0.429)",0.2228,0.1111,"(0.027, 0.209)",0.8348,"(0.769, 0.903)",0.4729,"(0.422, 0.529)",0.2083,0.1449,-0.0681,0.2623
Nadig Within-Corpus,Nadig,Nadig,ASD vs TD,32,32,9,23,HistGradientBoosting,all_canonical,class_weight,0.3306,"(0.227, 0.455)",0.2443,0.2222,"(0.105, 0.353)",0.6522,"(0.561, 0.738)",0.4372,"(0.367, 0.511)",0.2,0.2105,-0.1218,0.4475
Eigsti ASD vs DD,Eigsti,Eigsti,ASD vs DD,32,32,16,16,Dummy,all_canonical,class_weight,0.4375,"(0.358, 0.519)",0.4727,0.4375,"(0.327, 0.547)",0.4375,"(0.327, 0.54)",0.4375,"(0.358, 0.519)",0.4375,0.4375,-0.125,0.5625
Eigsti ASD vs DD,Eigsti,Eigsti,ASD vs DD,32,32,16,16,Elastic-Net,all_canonical,class_weight,0.773,"(0.696, 0.842)",0.7809,0.7,"(0.595, 0.796)",0.6625,"(0.553, 0.763)",0.6812,"(0.606, 0.75)",0.6747,0.6871,0.3628,0.2006
Eigsti ASD vs DD,Eigsti,Eigsti,ASD vs DD,32,32,16,16,Random Forest,all_canonical,class_weight,0.7141,"(0.635, 0.794)",0.6994,0.6375,"(0.541, 0.726)",0.65,"(0.538, 0.752)",0.6438,"(0.568, 0.716)",0.6456,0.6415,0.2875,0.2168
Eigsti ASD vs DD,Eigsti,Eigsti,ASD vs DD,32,32,16,16,HistGradientBoosting,all_canonical,class_weight,0.7197,"(0.649, 0.792)",0.6919,0.575,"(0.465, 0.685)",0.675,"(0.576, 0.78)",0.625,"(0.544, 0.696)",0.6389,0.6053,0.2513,0.344
Eigsti TD vs DD,Eigsti,Eigsti,TD vs DD,32,32,0,32,Dummy,all_canonical,class_weight,0.3875,"(0.317, 0.471)",0.4564,0.3875,"(0.289, 0.494)",0.3875,"(0.282, 0.506)",0.3875,"(0.317, 0.471)",0.3875,0.3875,-0.225,0.6125
Eigsti TD vs DD,Eigsti,Eigsti,TD vs DD,32,32,0,32,Elastic-Net,all_canonical,class_weight,0.8266,"(0.757, 0.885)",0.8742,0.7125,"(0.608, 0.805)",0.8,"(0.713, 0.889)",0.7563,"(0.692, 0.822)",0.7808,0.7451,0.5145,0.1659
Eigsti TD vs DD,Eigsti,Eigsti,TD vs DD,32,32,0,32,Random Forest,all_canonical,class_weight,0.7659,"(0.693, 0.834)",0.8172,0.725,"(0.629, 0.816)",0.6625,"(0.559, 0.767)",0.6937,"(0.625, 0.761)",0.6824,0.703,0.3883,0.2017
Eigsti TD vs DD,Eigsti,Eigsti,TD vs DD,32,32,0,32,HistGradientBoosting,all_canonical,class_weight,0.7147,"(0.628, 0.791)",0.7362,0.65,"(0.552, 0.737)",0.65,"(0.532, 0.753)",0.65,"(0.574, 0.714)",0.65,0.65,0.3,0.3457
Cross-Corpus Eigsti->Nadig,Eigsti,Nadig,ASD vs TD,32,32,9,23,Dummy,all_canonical,class_weight,0.4952,"(0.283, 0.677)",0.2793,0.5556,"(0.2, 0.875)",0.4348,"(0.217, 0.645)",0.4952,"(0.283, 0.677)",0.2778,0.3704,-0.0088,0.5312
Cross-Corpus Eigsti->Nadig,Eigsti,Nadig,ASD vs TD,32,32,9,23,Elastic-Net,all_canonical,class_weight,0.4879,"(0.234, 0.782)",0.3658,0.8889,"(0.667, 1.0)",0.1304,"(0.0, 0.273)",0.5097,"(0.373, 0.627)",0.2857,0.4324,0.0263,0.4416
Cross-Corpus Eigsti->Nadig,Eigsti,Nadig,ASD vs TD,32,32,9,23,Random Forest,all_canonical,class_weight,0.3478,"(0.129, 0.539)",0.2663,0.7778,"(0.436, 1.0)",0.0435,"(0.0, 0.158)",0.4106,"(0.245, 0.542)",0.2414,0.3684,-0.2757,0.3435
Cross-Corpus Eigsti->Nadig,Eigsti,Nadig,ASD vs TD,32,32,9,23,HistGradientBoosting,all_canonical,class_weight,0.5072,"(0.25, 0.758)",0.3154,0.6667,"(0.286, 1.0)",0.3478,"(0.156, 0.544)",0.5072,"(0.314, 0.699)",0.2857,0.4,0.0137,0.484
Cross-Corpus Nadig->Eigsti,Nadig,Eigsti,ASD vs TD,32,32,16,16,Dummy,all_canonical,class_weight,0.5,"(0.375, 0.631)",0.5,0.1875,"(0.0, 0.38)",0.8125,"(0.607, 1.0)",0.5,"(0.375, 0.631)",0.5,0.2727,0.0,0.5
Cross-Corpus Nadig->Eigsti,Nadig,Eigsti,ASD vs TD,32,32,16,16,Elastic-Net,all_canonical,class_weight,0.5586,"(0.333, 0.776)",0.5568,0.0625,"(0.0, 0.2)",0.9375,"(0.789, 1.0)",0.5,"(0.417, 0.581)",0.5,0.1111,0.0,0.392
Cross-Corpus Nadig->Eigsti,Nadig,Eigsti,ASD vs TD,32,32,16,16,Random Forest,all_canonical,class_weight,0.3398,"(0.154, 0.53)",0.4945,0.125,"(0.0, 0.31)",1.0,"(1.0, 1.0)",0.5625,"(0.5, 0.655)",1.0,0.2222,0.2582,0.3042
Cross-Corpus Nadig->Eigsti,Nadig,Eigsti,ASD vs TD,32,32,16,16,HistGradientBoosting,all_canonical,class_weight,0.4023,"(0.223, 0.607)",0.4925,0.125,"(0.0, 0.31)",0.9375,"(0.789, 1.0)",0.5312,"(0.438, 0.636)",0.6667,0.2105,0.1072,0.4338
